[{"model": "store.item", "pk": 1, "fields": {"title": "phone", "slug": "phone", "image": "images/pb_en_ls11hr.jpeg", "price": "4444.99"}}, {"model": "store.item", "pk": 2, "fields": {"title": "note", "slug": "note", "image": "images/pb_en_ls11hr_luR3B07.jpeg", "price": "34097.00"}}, {"model": "store.item", "pk": 3, "fields": {"title": "moto", "slug": "moto", "image": "images/images.jpg", "price": "55532.00"}}, {"model": "store.item", "pk": 4, "fields": {"title": "auto", "slug": "auto", "image": "images/images_xf8worW.jpg", "price": "6062.30"}}, {"model": "store.item", "pk": 5, "fields": {"title": "apple", "slug": "apple", "image": "images/images_dQSno2z.jpg", "price": "55.50"}}, {"model": "store.item", "pk": 6, "fields": {"title": "ttt", "slug": "tttt", "image": "images/images_LZyWVAK.jpg", "price": "7237.00"}}, {"model": "store.item", "pk": 7, "fields": {"title": "rrrrr", "slug": "rr", "image": "images/images_PlPXESn.jpg", "price": "545.00"}}, {"model": "store.item", "pk": 8, "fields": {"title": "qqq", "slug": "qqq", "image": "images/pb_en_ls11hr_VKNJSj2.jpeg", "price": "45.80"}}, {"model": "store.item", "pk": 9, "fields": {"title": "qq", "slug": "qq", "image": "images/images_vlQ9Mgp.jpg", "price": "1112.09"}}, {"model": "store.item", "pk": 10, "fields": {"title": "some", "slug": "some", "image": "images/pb_en_ls11hr_qD3iFT0.jpeg", "price": "727.00"}}, {"model": "store.item", "pk": 11, "fields": {"title": "ee", "slug": "eEEE", "image": "images/images_sPoHC8f.jpg", "price": "12.00"}}, {"model": "store.item", "pk": 12, "fields": {"title": "www-update", "slug": "ww", "image": "images/pb_en_ls11hr_df04sf9.jpeg", "price": "33443.22"}}, {"model": "store.item", "pk": 13, "fields": {"title": "aa", "slug": "aa", "image": "images/pb_en_ls11hr_S2Ru1sq.jpeg", "price": "11.00"}}, {"model": "store.item", "pk": 14, "fields": {"title": "q", "slug": "qqqqqq", "image": "images/pb_en_ls11hr_dNatHJn.jpeg", "price": "44.00"}}, {"model": "store.item", "pk": 15, "fields": {"title": "z", "slug": "z", "image": "images/pb_en_ls11hr_UJj4pyE.jpeg", "price": "53.00"}}, {"model": "store.item", "pk": 16, "fields": {"title": "y", "slug": "y", "image": "images/images_BWE6xC7.jpg", "price": "5.00"}}, {"model": "store.employee", "pk": 1, "fields": {"name": "Compfy"}}, {"model": "store.employee", "pk": 2, "fields": {"name": "Eldorado"}}, {"model": "store.employee", "pk": 3, "fields": {"name": "MOYO"}}, {"model": "store.employee", "pk": 4, "fields": {"name": "Rozetka"}}, {"model": "store.employee", "pk": 5, "fields": {"name": "ATB"}}, {"model": "store.employee", "pk": 6, "fields": {"name": "ALLO"}}, {"model": "store.sale", "pk": 1, "fields": {"item": 2, "employee": 1, "qty": 1, "date_sales": "2021-06-17T19:28:51.597Z", "total_price": "34097.00"}}, {"model": "store.sale", "pk": 2, "fields": {"item": 3, "employee": 4, "qty": 2, "date_sales": "2021-06-17T19:28:59.112Z", "total_price": "111064.00"}}, {"model": "store.sale", "pk": 3, "fields": {"item": 8, "employee": 4, "qty": 3, "date_sales": "2021-06-17T20:52:40.914Z", "total_price": "137.40"}}, {"model": "store.sale", "pk": 4, "fields": {"item": 4, "employee": 4, "qty": 1, "date_sales": "2021-06-18T06:20:12.902Z", "total_price": "6062.30"}}, {"model": "store.sale", "pk": 5, "fields": {"item": 1, "employee": 3, "qty": 1, "date_sales": "2021-06-18T06:51:49.565Z", "total_price": "4444.99"}}, {"model": "store.sale", "pk": 6, "fields": {"item": 3, "employee": 6, "qty": 2, "date_sales": "2021-06-18T06:51:57.356Z", "total_price": "111064.00"}}, {"model": "store.sale", "pk": 7, "fields": {"item": 1, "employee": 1, "qty": 1, "date_sales": "2021-06-18T06:58:07.446Z", "total_price": "4444.99"}}, {"model": "store.sale", "pk": 8, "fields": {"item": 1, "employee": 4, "qty": 1, "date_sales": "2021-06-18T07:18:55.807Z", "total_price": "4444.99"}}, {"model": "store.sale", "pk": 9, "fields": {"item": 2, "employee": 1, "qty": 1, "date_sales": "2021-06-18T07:26:31.495Z", "total_price": "34097.00"}}, {"model": "store.sale", "pk": 10, "fields": {"item": 6, "employee": 5, "qty": 1, "date_sales": "2021-06-18T07:26:39.494Z", "total_price": "7237.00"}}, {"model": "store.sale", "pk": 11, "fields": {"item": 1, "employee": 1, "qty": 1, "date_sales": "2021-06-18T14:27:26.959Z", "total_price": "4444.99"}}, {"model": "store.sale", "pk": 12, "fields": {"item": 1, "employee": 1, "qty": 1, "date_sales": "2021-06-18T14:34:16.625Z", "total_price": "4444.99"}}, {"model": "store.sale", "pk": 13, "fields": {"item": 1, "employee": 6, "qty": 1, "date_sales": "2021-06-18T14:37:44.701Z", "total_price": "4444.99"}}, {"model": "store.sale", "pk": 14, "fields": {"item": 1, "employee": 5, "qty": 1, "date_sales": "2021-06-18T14:43:40.761Z", "total_price": "4444.99"}}, {"model": "store.sale", "pk": 15, "fields": {"item": 9, "employee": 1, "qty": 1, "date_sales": "2021-06-18T14:44:01.791Z", "total_price": "1112.09"}}, {"model": "store.sale", "pk": 16, "fields": {"item": 4, "employee": 6, "qty": 1, "date_sales": "2021-06-18T14:53:27.803Z", "total_price": "6062.30"}}, {"model": "store.sale", "pk": 17, "fields": {"item": 1, "employee": 1, "qty": 3, "date_sales": "2021-06-18T15:18:19.108Z", "total_price": "13334.97"}}, {"model": "store.sale", "pk": 18, "fields": {"item": 6, "employee": 2, "qty": 1, "date_sales": "2021-06-19T09:52:53.728Z", "total_price": "7237.00"}}, {"model": "store.sale", "pk": 19, "fields": {"item": 10, "employee": 5, "qty": 1, "date_sales": "2021-06-19T09:53:05.470Z", "total_price": "34.98"}}, {"model": "store.sale", "pk": 20, "fields": {"item": 11, "employee": 1, "qty": 1, "date_sales": "2021-06-19T13:47:06.936Z", "total_price": "12.00"}}, {"model": "store.sale", "pk": 21, "fields": {"item": 15, "employee": 3, "qty": 3, "date_sales": "2021-06-19T13:47:28.328Z", "total_price": "159.00"}}, {"model": "store.sale", "pk": 22, "fields": {"item": 13, "employee": 6, "qty": 3, "date_sales": "2021-06-19T13:48:42.801Z", "total_price": "33.00"}}, {"model": "store.sale", "pk": 23, "fields": {"item": 14, "employee": 4, "qty": 6, "date_sales": "2021-06-19T13:53:42.247Z", "total_price": "24.00"}}, {"model": "store.sale", "pk": 24, "fields": {"item": 9, "employee": 1, "qty": 1, "date_sales": "2021-06-19T13:54:19.571Z", "total_price": "1112.09"}}, {"model": "store.sale", "pk": 25, "fields": {"item": 9, "employee": 1, "qty": 3, "date_sales": "2021-06-19T13:54:46.800Z", "total_price": "3336.27"}}, {"model": "store.sale", "pk": 26, "fields": {"item": 3, "employee": 1, "qty": 1, "date_sales": "2021-06-19T13:55:22.961Z", "total_price": "55532.00"}}, {"model": "store.sale", "pk": 27, "fields": {"item": 15, "employee": 1, "qty": 2, "date_sales": "2021-06-19T13:57:41.967Z", "total_price": "106.00"}}, {"model": "store.sale", "pk": 28, "fields": {"item": 10, "employee": 2, "qty": 2, "date_sales": "2021-06-19T13:59:29.816Z", "total_price": "1454.00"}}, {"model": "store.sale", "pk": 29, "fields": {"item": 7, "employee": 3, "qty": 6, "date_sales": "2021-06-19T14:03:49.959Z", "total_price": "3270.00"}}, {"model": "store.sale", "pk": 30, "fields": {"item": 7, "employee": 4, "qty": 30, "date_sales": "2021-06-19T14:04:09.201Z", "total_price": "16350.00"}}, {"model": "store.sale", "pk": 31, "fields": {"item": 8, "employee": 6, "qty": 3, "date_sales": "2021-06-19T14:14:19.750Z", "total_price": "137.40"}}, {"model": "store.sale", "pk": 32, "fields": {"item": 3, "employee": 2, "qty": 2, "date_sales": "2021-06-19T14:23:40.101Z", "total_price": "111064.00"}}, {"model": "store.sale", "pk": 33, "fields": {"item": 13, "employee": 3, "qty": 1, "date_sales": "2021-06-19T19:02:38.515Z", "total_price": "11.00"}}, {"model": "store.updateditemprice", "pk": 1, "fields": {"item": 7, "update_date": "2021-06-17T20:39:48.986Z", "updated_price": "1111.00"}}, {"model": "store.updateditemprice", "pk": 2, "fields": {"item": 6, "update_date": "2021-06-17T20:42:16.131Z", "updated_price": "7237.00"}}, {"model": "store.updateditemprice", "pk": 4, "fields": {"item": 9, "update_date": "2021-06-17T20:44:42.511Z", "updated_price": "1112.09"}}, {"model": "store.updateditemprice", "pk": 5, "fields": {"item": 5, "update_date": "2021-06-17T21:04:08.123Z", "updated_price": "239.99"}}, {"model": "store.updateditemprice", "pk": 6, "fields": {"item": 5, "update_date": "2021-06-17T21:48:49.992Z", "updated_price": "55.50"}}, {"model": "store.updateditemprice", "pk": 7, "fields": {"item": 4, "update_date": "2021-06-17T21:57:12.511Z", "updated_price": "6062.30"}}, {"model": "store.updateditemprice", "pk": 8, "fields": {"item": 11, "update_date": "2021-06-19T09:54:41.766Z", "updated_price": "12.00"}}, {"model": "store.updateditemprice", "pk": 9, "fields": {"item": 11, "update_date": "2021-06-19T10:08:29.933Z", "updated_price": "12.00"}}, {"model": "store.updateditemprice", "pk": 10, "fields": {"item": 11, "update_date": "2021-06-19T10:10:33.146Z", "updated_price": "12.00"}}, {"model": "store.updateditemprice", "pk": 11, "fields": {"item": 12, "update_date": "2021-06-19T10:11:59.753Z", "updated_price": "111.00"}}, {"model": "store.updateditemprice", "pk": 12, "fields": {"item": 10, "update_date": "2021-06-19T10:39:12.585Z", "updated_price": "77.00"}}, {"model": "store.updateditemprice", "pk": 13, "fields": {"item": 12, "update_date": "2021-06-19T10:45:15.396Z", "updated_price": "222.00"}}, {"model": "store.updateditemprice", "pk": 14, "fields": {"item": 12, "update_date": "2021-06-19T11:04:30.722Z", "updated_price": "333.00"}}, {"model": "store.updateditemprice", "pk": 15, "fields": {"item": 12, "update_date": "2021-06-19T11:04:58.539Z", "updated_price": "333.22"}}, {"model": "store.updateditemprice", "pk": 16, "fields": {"item": 7, "update_date": "2021-06-19T11:11:24.480Z", "updated_price": "1155.00"}}, {"model": "store.updateditemprice", "pk": 17, "fields": {"item": 7, "update_date": "2021-06-19T11:12:55.075Z", "updated_price": "55.00"}}, {"model": "store.updateditemprice", "pk": 18, "fields": {"item": 7, "update_date": "2021-06-19T11:15:58.293Z", "updated_price": "545.00"}}, {"model": "store.updateditemprice", "pk": 19, "fields": {"item": 10, "update_date": "2021-06-19T11:23:21.830Z", "updated_price": "727.00"}}, {"model": "store.updateditemprice", "pk": 20, "fields": {"item": 12, "update_date": "2021-06-19T11:32:18.986Z", "updated_price": "33443.22"}}, {"model": "store.updateditemprice", "pk": 21, "fields": {"item": 13, "update_date": "2021-06-19T11:49:02.959Z", "updated_price": "11.00"}}, {"model": "store.updateditemprice", "pk": 22, "fields": {"item": 15, "update_date": "2021-06-19T11:55:30.359Z", "updated_price": "53.00"}}, {"model": "store.updateditemprice", "pk": 23, "fields": {"item": 14, "update_date": "2021-06-19T18:44:11.288Z", "updated_price": "44.00"}}]